site,option,objective,description,connected,pipe_km,heat_gwh,dc_heat_share_p50,capex_musd_p50,lcoh_p50,tariff_p50,net_co2_t_p10,net_co2_t_p50,system_net_musd_p10,system_net_musd_p50,p_everyone_warm,p_operator_profit,p_dc_profit,p_all_buyers_profit,p_every_party_profits,abatement_usd_per_t_p50
site1,4gdh_hot_water,cost-optimal,"New 4th-gen hot-water network (65-70 C), central heat pump at 111 8th",4,4.127129488048157,221.81226346222607,0.4539103140352164,61.88435108381916,29.166369886172173,36.28925451101729,9283.635056691151,10930.885855051267,2.270518726231266,6.34277625612863,1.0,0.807,1.0,0.977,0.79,-576.3578621153418
site1,4gdh_hot_water,carbon-weighted,"New 4th-gen hot-water network (65-70 C), central heat pump at 111 8th",4,4.127129488048157,221.81226346222607,0.4571424409632394,61.144187937760606,28.842263553716144,36.650637738387935,9244.13243795806,11107.184965884117,1.8245385421109357,6.459539552915001,1.0,0.81,1.0,0.985,0.804,-583.0266402761633
site1,5gdh_ambient,cost-optimal,"5th-gen ambient loop (~25 C), heat pump in every building",3,2.886151800501816,125.15231731992242,0.7208898561460884,76.85997306122903,41.140709013343894,36.95971088916272,6447.332736563652,8257.66899706676,-1.724567186946123,2.144635825961152,1.0,0.331,1.0,1.0,0.331,-268.42667660150124
site1,5gdh_ambient,carbon-weighted,"5th-gen ambient loop (~25 C), heat pump in every building",3,2.886151800501816,125.15231731992242,0.7193323018147837,76.80186753203985,41.632556830468516,36.08281338549075,6576.248141519846,8197.18598119578,-2.0663991063828937,1.8288583407326384,1.0,0.292,1.0,1.0,0.292,-215.67617111175957
site1,campus_anchor,cost-optimal,"Hot-water mains to existing campus plants only (NYCHA, Penn South, cogen campuses)",2,0.3706824811850452,36.05114384521151,0.9843329787300227,16.961585138209482,27.63918292468584,36.64280539318408,3038.107148620052,3688.8771714097834,0.8510363557171707,2.3647217716518196,1.0,0.872,0.995,1.0,0.867,-653.7859028536872
site1,campus_anchor,carbon-weighted,"Hot-water mains to existing campus plants only (NYCHA, Penn South, cogen campuses)",3,2.1235519823578883,248.9872439348913,0.3902517351577891,48.96050731461128,26.585383326304633,12.530257334262522,13114.930043404092,15071.287873875393,-3.099997149746552,-1.2772380671295331,1.0,0.0,1.0,0.973,0.0,82.18288154998206
site2,4gdh_local,cost-optimal,New hot-water network to surrounding homes/schools,0,,,,,,,,,,,,,,,,
site2,4gdh_local,carbon-weighted,New hot-water network to surrounding homes/schools,0,,,,,,,,,,,,,,,,
site2,5gdh_local,cost-optimal,5th-gen ambient loop with home heat pumps,0,,,,,,,,,,,,,,,,
site2,5gdh_local,carbon-weighted,5th-gen ambient loop with home heat pumps,0,,,,,,,,,,,,,,,,
site2,cornell_transmission,cost-optimal,17 km insulated transmission main to Cornell central plant (third party),0,,,,,,,,,,,,,,,,
site2,cornell_transmission,carbon-weighted,17 km insulated transmission main to Cornell central plant (third party),1,30.11570432138354,234.4569683541707,0.9767312771028591,146.4061130273099,24.526542033287125,6.427289395037121,28281.129481601856,35144.10444105633,-15.924686437885512,-12.407709515198174,0.995,0.0,0.935,1.0,0.0,354.7526369527541
site2,greenhouse_anchor,cost-optimal,"Co-located greenhouse / aquaculture on adjacent farmland, heat pump to 65 C",1,0.57,68.75,0.9940096508644045,57.20110566913361,33.40222785394501,15.885907315967902,6997.392329271305,13340.390944938095,-5.363060251532596,-3.074082161512582,0.951,0.001,0.577,1.0,0.0,252.99038613525778
site2,greenhouse_anchor,carbon-weighted,"Co-located greenhouse / aquaculture on adjacent farmland, heat pump to 65 C",1,0.57,68.75,0.9938710734815855,56.35359615990499,33.31922530520181,16.06657342616446,6640.701105476771,12968.802110937491,-5.379418760342682,-2.99025917009235,0.94,0.001,0.586,1.0,0.0,257.8708292360225
site2,greenhouse_direct,cost-optimal,Greenhouse heated DIRECTLY by ~45 C liquid-cooling return water (no heat pump; air-cooled mining still needs one),1,0.57,68.75,0.9935848076456413,14.171307599559798,9.571581309457354,15.81789791885971,7008.258169312291,13431.630159623917,-3.8692221850564734,1.3871795658224966,0.959,0.665,0.61,1.0,0.406,-121.72372488507344
site2,greenhouse_direct,carbon-weighted,Greenhouse heated DIRECTLY by ~45 C liquid-cooling return water (no heat pump; air-cooled mining still needs one),1,0.57,68.75,0.9925975266085347,14.390136271950773,9.90285460066336,15.817690238449423,7500.130540095157,14080.498381756772,-4.293503564569235,1.3122527410760056,0.948,0.632,0.59,1.0,0.375,-119.81679544264257
site2,mobile_storage,cost-optimal,"Heat-battery containers trucked to the largest distant users (schools, Cornell)",6,0.0,9.414552737913844,0.83592044965678,6.499461890572643,65.63394210808056,19.13015103546691,1031.3531966044195,1429.4274986341152,-1.424922174606872,-1.0476819570645886,0.993,0.0,0.907,0.747,0.0,752.1664501644927
site2,mobile_storage,carbon-weighted,"Heat-battery containers trucked to the largest distant users (schools, Cornell)",6,0.0,9.414552737913844,0.8428915977791543,6.576638252973749,65.34626305753225,19.117041228676037,1046.5448891607793,1435.8964633537707,-1.4549970857543628,-1.0683560856609602,0.996,0.0,0.887,0.759,0.0,747.5328161054953
