site_id,asset_id,asset_name,asset_type,role,latitude,longitude,distance_m,distance_ring,technology,existing_or_proposed,temperature_C_if_known,capacity_MW_if_known,operator_if_known,source_name,source_url,evidence_note,confidence,last_verified,coordinate_method,coordinate_source_url,coordinate_record_id,location_scope,existing_network_flag,connection_availability,candidate_transport_types,related_asset_ids,capacity_basis
chelsea,fulton-401-w16,Fulton Houses - 401 West 16th Street,public_housing,potential_anchor_sink,40.74236190845,-74.004445411502,286.388,<= 500 m,proposed space-heating and domestic-hot-water connection,existing,,,NYCHA,www.coned.com,https://www.coned.com/en/our-energy-future/our-energy-vision/where-we-are-going/thermal-energy-networks/chelsea,Named by Con Edison as a proposed Chelsea TEN heat recipient. Existing housing; pilot connection remains proposed.,MEDIUM,2026-10-03,US Census TIGER address-range interpolation; not equipment position,https://geocoding.geo.census.gov/geocoder/locations/address?street=401+W+16th+St&city=New+York&state=NY&zip=10011&benchmark=Public_AR_Current&format=json,59659718,facility_address,unknown,unknown,"[""new_insulated_hot_water_loop"", ""ambient_temperature_thermal_energy_network"", ""multi_source_TEN""]","[""chelsea-ten-pilot""]",usable thermal capacity; unknown
chelsea,fulton-410-w17,Fulton Houses - 410 West 17th Street,public_housing,potential_anchor_sink,40.742957343433,-74.004348402329,327.563,<= 500 m,proposed space-heating and domestic-hot-water connection,existing,,,NYCHA,www.coned.com,https://www.coned.com/en/our-energy-future/our-energy-vision/where-we-are-going/thermal-energy-networks/chelsea,Named by Con Edison as a proposed Chelsea TEN heat recipient. Existing housing; pilot connection remains proposed.,MEDIUM,2026-10-03,US Census TIGER address-range interpolation; not equipment position,https://geocoding.geo.census.gov/geocoder/locations/address?street=410+W+17th+St&city=New+York&state=NY&zip=10011&benchmark=Public_AR_Current&format=json,59659716,facility_address,unknown,unknown,"[""new_insulated_hot_water_loop"", ""ambient_temperature_thermal_energy_network"", ""multi_source_TEN""]","[""chelsea-ten-pilot""]",usable thermal capacity; unknown
chelsea,fulton-420-w17,Fulton Houses - 420 West 17th Street,public_housing,potential_anchor_sink,40.743073905726,-74.004624912519,352.609,<= 500 m,proposed space-heating and domestic-hot-water connection,existing,,,NYCHA,www.coned.com,https://www.coned.com/en/our-energy-future/our-energy-vision/where-we-are-going/thermal-energy-networks/chelsea,Named by Con Edison as a proposed Chelsea TEN heat recipient. Existing housing; pilot connection remains proposed.,MEDIUM,2026-10-03,US Census TIGER address-range interpolation; not equipment position,https://geocoding.geo.census.gov/geocoder/locations/address?street=420+W+17th+St&city=New+York&state=NY&zip=10011&benchmark=Public_AR_Current&format=json,59659716,facility_address,unknown,unknown,"[""new_insulated_hot_water_loop"", ""ambient_temperature_thermal_energy_network"", ""multi_source_TEN""]","[""chelsea-ten-pilot""]",usable thermal capacity; unknown
chelsea,chelsea-85-tenth,85 10th Avenue - documented pilot heat-source building,industrial_waste_heat,third_party_heat_source,40.7433852,-74.0079827,596.95,<= 1000 m,proposed excess-heat recovery,existing,,,unknown,www.coned.com,https://www.coned.com/en/our-energy-future/our-energy-vision/where-we-are-going/thermal-energy-networks/chelsea,Con Edison identifies this existing office building as the excess-heat source for its proposed Chelsea TEN. Heat recovery and third-party connection are not confirmed operational.,MEDIUM,2026-10-03,NYC PLUTO parcel representative point,https://data.cityofnewyork.us/resource/64uk-42ks.json?%24where=borough%3D%27MN%27+AND+address%3D%2785+10+AVENUE%27&%24select=address%2Cbbl%2Clatitude%2Clongitude%2Cownername%2Cversion&%24limit=100,1006870029.00000000,facility_address,unknown,unknown,"[""new_insulated_hot_water_loop"", ""ambient_temperature_thermal_energy_network"", ""multi_source_TEN""]","[""chelsea-ten-pilot""]",usable thermal capacity; unknown
chelsea,chelsea-ten-pilot,Con Edison Chelsea TEN pilot,hot_water_network,utility_infrastructure,40.7433852,-74.0079827,596.95,<= 1000 m,proposed thermal energy network,proposed,,,Con Edison,www.coned.com,https://www.coned.com/en/our-energy-future/our-energy-vision/where-we-are-going/thermal-energy-networks/chelsea,"Proposed network linking the documented source building and three Fulton Houses buildings. Point marks the source address, not a surveyed route or connection.",MEDIUM,2026-10-03,NYC PLUTO parcel representative point,https://data.cityofnewyork.us/resource/64uk-42ks.json?%24where=borough%3D%27MN%27+AND+address%3D%2785+10+AVENUE%27&%24select=address%2Cbbl%2Clatitude%2Clongitude%2Cownername%2Cversion&%24limit=100,1006870029.00000000,project_reference_point_not_route,False,unknown,"[""new_insulated_hot_water_loop"", ""ambient_temperature_thermal_energy_network"", ""multi_source_TEN""]","[""chelsea-85-tenth"", ""fulton-401-w16"", ""fulton-410-w17"", ""fulton-420-w17""]",usable thermal capacity; unknown
chelsea,chelsea-recreation-pool,Chelsea Recreation Center indoor pool,pool,potential_anchor_sink,40.7482958,-74.0022196,844.762,<= 1000 m,pool and building hot-water loads,existing,,,NYC Parks,nycgovparks.org,https://nycgovparks.org/facilities/recreationcenters/M260,"NYC Parks lists this recreation center and pool. Pool and hot-water loads motivate anchor screening; heat demand, current equipment and tie-in feasibility are unverified.",MEDIUM,2026-10-03,NYC PLUTO parcel representative point,https://data.cityofnewyork.us/resource/64uk-42ks.json?%24where=borough%3D%27MN%27+AND+address%3D%27430+WEST+25+STREET%27&%24select=address%2Cbbl%2Clatitude%2Clongitude%2Cownername%2Cversion&%24limit=100,1007220057.00000000,facility_address,unknown,unknown,"[""new_insulated_hot_water_loop"", ""ambient_temperature_thermal_energy_network"", ""multi_source_TEN""]",,usable thermal capacity; unknown
chelsea,penn-south-cogen,Penn South campus cogeneration system,CHP,thermal_plant,40.7485511,-73.9980294,929.854,<= 1000 m,campus cogeneration,existing,,,"Mutual Redevelopment Houses, Inc.",www.nyserda.ny.gov,https://www.nyserda.ny.gov/All-Programs/Multifamily-Buildings-of-Excellence/Early-Design-Support-Program/MRH-Penn-South,"NYSERDA confirms campus cogeneration. Location is a documented campus building, not the powerhouse itself. Operator annual reports also describe the powerhouse; available surplus heat is unknown.",MEDIUM,2026-10-03,NYC PLUTO parcel representative point,https://data.cityofnewyork.us/resource/64uk-42ks.json?%24where=borough%3D%27MN%27+AND+address%3D%27345+8TH+AVENUE%27&%24select=address%2Cbbl%2Clatitude%2Clongitude%2Cownername%2Cversion&%24limit=100,1007510001.00000000,campus_reference_point_not_equipment,True,unknown,"[""new_insulated_hot_water_loop"", ""ambient_temperature_thermal_energy_network"", ""multi_source_TEN""]",,usable thermal capacity; unknown
chelsea,fit-chiller,FIT campus electric chiller plant,central_utility_plant,thermal_plant,40.746871615218,-73.994255065356,937.591,<= 1000 m,electric campus chiller,existing,,,Fashion Institute of Technology,news.fitnyc.edu,https://news.fitnyc.edu/2024/04/29/fit-invests-in-energy-efficient-infrastructure/,"FIT reports replacing its steam-powered chiller with an electric chiller in 2024. Campus cooling infrastructure may offer heat-recovery integration; that capability is inferred, not documented. Point is the campus mailing address.",MEDIUM,2026-10-03,US Census TIGER address-range interpolation; not equipment position,https://geocoding.geo.census.gov/geocoder/locations/address?street=227+W+27th+St&city=New+York&state=NY&zip=10001&benchmark=Public_AR_Current&format=json,639429221,campus_reference_point_not_equipment,unknown,unknown,"[""new_insulated_hot_water_loop"", ""ambient_temperature_thermal_energy_network"", ""multi_source_TEN""]",,usable thermal capacity; unknown
chelsea,hudson-yards-cogen,Hudson Yards cogeneration and thermal reuse system,CHP,thermal_plant,40.7527011,-74.0015773,1334.206,<= 1500 m,cogeneration with heating and cooling heat reuse,existing,,,unknown,www.hudsonyardsnewyork.com,https://www.hudsonyardsnewyork.com/stories/sustainability-big-scale,"The operator documents two cogeneration plants with heat reused for neighborhood heating and cooling. Recorded once as a campus system. Point is 10 Hudson Yards, not either plant or a connection point.",MEDIUM,2026-10-03,NYC PLUTO parcel representative point,https://data.cityofnewyork.us/resource/64uk-42ks.json?%24where=borough%3D%27MN%27+AND+address%3D%27501+WEST+30+STREET%27&%24select=address%2Cbbl%2Clatitude%2Clongitude%2Cownername%2Cversion&%24limit=100,1007020010.00000000,campus_reference_point_not_equipment,True,unknown,"[""new_insulated_hot_water_loop"", ""ambient_temperature_thermal_energy_network"", ""multi_source_TEN""]",,usable thermal capacity; unknown
chelsea,nyu-cogen,NYU Mercer Street cogeneration plant,CHP,thermal_plant,40.7285665,-73.9954467,1453.284,<= 1500 m,cogeneration with campus thermal distribution,existing,,,New York University,www.nyc.gov,https://www.nyc.gov/assets/planning/download/pdf/applicants/env-review/nyu_core/01_feis.pdf,NYC environmental review identifies the below-grade cogeneration plant at 251 Mercer Street. NYU describes campus heating/cooling service. External export capacity and current connection availability are unknown.,MEDIUM,2026-10-03,NYC PLUTO parcel representative point,https://data.cityofnewyork.us/resource/64uk-42ks.json?%24where=borough%3D%27MN%27+AND+address%3D%27251+MERCER+STREET%27&%24select=address%2Cbbl%2Clatitude%2Clongitude%2Cownername%2Cversion&%24limit=100,1005350020.00000000,facility_address,True,unknown,"[""new_insulated_hot_water_loop"", ""ambient_temperature_thermal_energy_network"", ""multi_source_TEN""]",,usable thermal capacity; unknown
chelsea,coned-steam-territory,Con Edison Manhattan steam network - service-area context,steam_network,existing_heat_network,,,,unknown,district steam,existing,,,Con Edison,www.coned.com,https://www.coned.com/en/commercial-industrial/steam,"Utility confirms an existing Manhattan steam system. Public service-area context does not locate a main, tie-in point or available export capacity near 111 8th Avenue. No point geometry or distance is assigned.",MEDIUM,2026-10-03,,,,service_territory_not_point,True,unknown,"[""connection_to_existing_district_energy_or_steam""]",,usable thermal capacity; unknown
